상호명,도로명주소,전화번호,위도,경도
미니스톱연수점,"인천광역시 연수구 비류대로 230 (옥련동,(지상1층))",,37.4269325,126.660142
미니스톱인천메카점,"인천광역시 연수구 용담로125번길 41 (연수동,지상1층(새말2로 23))",,37.4157521,126.679825
씨유 연수한양점,"인천광역시 연수구 원인재로 124, 123호 (동춘동, 한양아파트상가동)",,37.408132,126.680716
GS25 청학타운점,"인천광역시 연수구 청학로12번길 47 (청학동,지상1층)",,37.4277158,126.666239
씨유 송도아이티센터점,"인천광역시 연수구 송도과학로 32, 지상1층 A105호 (송도동, 송도테크노파크 IT센터)",,37.3819134,126.661667
미니스톱 인천옥련점,"인천광역시 연수구 한나루로197번길 30 (옥련동, 지상1층)",,37.4275678,126.655518
씨유 송도점,"인천광역시 연수구 인권로 9, 지상1층 (옥련동)",,37.4186447,126.651402
GS25 청학수인점,"인천광역시 연수구 청학로6번길 94, 지상1층 (청학동)",,37.4263163,126.66838
씨유 연수청학점,"인천광역시 연수구 용담로 93, 지상1층 102호 (청학동)",,37.4163091,126.675925
GS25 송도스마트밸리점,"인천광역시 연수구 송도미래로 30, C동 (송도동, 송도스마트밸리 103호 일부)",,37.3666202,126.648358
씨유(CU) 청학제일점,인천광역시 연수구 청학로16번길 4,,37.4284835,126.663705
씨유송도센트럴파크 1호점,"인천광역시 연수구 센트럴로 232, A동 지상1층 101호 (송도동, 더샵센트럴파크 1차)",,37.3967178,126.637681
미니스톱 송도그린스퀘어점,"인천광역시 연수구 송도문화로28번길 81, 113동 지상1층 114호 (송도동, 더샵그린스퀘어 )",,37.371617,126.653144
씨유 송도애니오션점,"인천광역시 연수구 인천타워대로 99 (송도동, 애니오션빌딩 지상1층(113호))",,37.3811804,126.642283
씨유 청학현대점,"인천광역시 연수구 계림로112번길 4, 지상1층 (청학동)",,37.4275535,126.669392
씨유(CU)연수원룸,"인천광역시 연수구 함박로7번길 10 (연수동, 지상1층)",,37.4253793,126.678134
씨유송도푸르지오시티점,"인천광역시 연수구 아트센터대로 203 (송도동, 송도센트럴파크푸르지오시티 117호)",,37.3952202,126.631273
GS25 청학본점,"인천광역시 연수구 비류대로278번길 8-3, 1층 (청학동)",,37.426001,126.665207
세븐일레븐 인천선학본점,"인천광역시 연수구 학나래로117번길 19, 1층 (선학동)",,37.4288536,126.697157
GS25 옥련현대점,"인천광역시 연수구 한진로 58, 1층 (옥련동)",,37.4274938,126.648751
GS25 송도스카이점,"인천광역시 연수구 송도과학로27번길 55, B동 107호 (송도동, 롯데캐슬 캠퍼스타운)",,37.3880049,126.665049
씨유(CU) 청학플러스점,"인천광역시 연수구 청학로6번길 33, 1층 (청학동)",,37.4273712,126.665461
씨유 연수대림점,"인천광역시 연수구 원인재로 286, 상가동 112호 (연수동, 대림아파트)",,37.4206668,126.694953
GS25연수선학점,"인천광역시 연수구 넘말로29번길 21 (선학동, 지상1층)",,37.4284377,126.696582
GS25 동춘태평점,"인천광역시 연수구 앵고개로206번길 10 (동춘동, 태평@상가 101호, 102호편의점내)",,37.4106973,126.666767
GS25 연수점,"인천광역시 연수구 새말로46번길 4, 1층 (연수동)",,37.4213989,126.675587
세븐일레븐 송도푸르지오시티점,"인천광역시 연수구 아트센터대로 203, 106호 (송도동, 송도센트럴파크푸르지오시티)",,37.3952202,126.631273
GS25 연수청학점,"인천광역시 연수구 함박로 50, 1층 (연수동)",,37.4254999,126.682732
GS25 연수타운점,"인천광역시 연수구 샘말로21번길 3, 1층 (연수동)",,37.4125401,126.678201
GS25연수골드점,"인천광역시 연수구 함박로 80, 1층 (연수동)",,37.4252204,126.686009
GS25 에듀포레점,"인천광역시 연수구 송도문화로84번길 24, 상가동 105,106호 (송도동, 송도에듀포레푸르지오)",,37.3739316,126.658971
씨유송도더프라우점,"인천광역시 연수구 컨벤시아대로42번길 12 (송도동, 송도더프라우 202동 109호)",,37.3993455,126.651525
세븐일레븐 인천송도3호점,"인천광역시 연수구 대암로22번길 3, 1층 (옥련동)",,37.417917,126.652117
홈웨이 편의점,"인천광역시 연수구 컨벤시아대로391번길 20, 1층 (송도동, 송도제24호근린공원복합문화시설)",,37.3710262,126.630692
GS25 송도순이,"인천광역시 연수구 송도문화로28번길 81, 114동 106호 일부호 (송도동, 송도더샵그린스퀘어)",,37.371617,126.653144
인천대생협 복지회관점 GS25,"인천광역시 연수구 아카데미로 119, 1층 (송도동, 인천대학교 송도신캠퍼스 복지회관)",,37.3749504,126.63222
씨유 청학타운점,"인천광역시 연수구 청명로 34, 1층 (청학동, 로얄프라자)",,37.4181935,126.676392
GS25 송도메트로점,"인천광역시 연수구 인천타워대로54번길 3, 1층 103호 (송도동, 메트로프라자)",,37.3785415,126.645627
씨유 연수옥련점,"인천광역시 연수구 한나루로86번길 42 (옥련동, 씨유 연수옥련점내 )",,37.4218474,126.649726
미니스톱 연수함박점,"인천광역시 연수구 함박뫼로50번길 93 (연수동, 지상1층 일부)",,37.4191078,126.677969
GS25 송도트리플점,"인천광역시 연수구 송도과학로16번길 33-4, D동 지상1층 117호 (송도동, 송도트리플스트리트)",,37.378637,126.662822
GS25 연수경원편의점,"인천광역시 연수구 경원대로467번길 13, 지상1층 (선학동)",,37.4259356,126.697632
씨유 송도에이스점,"인천광역시 연수구 컨벤시아대로42번길 27, 지상1층 (송도동, 에이스프라자2  104호일부)",,37.3993483,126.649447
지에스 25 송도하모니점,"인천광역시 연수구 하모니로 124 (송도동, 송도타운 107호 일부)",,37.3855948,126.645074
GS25 동춘풍림점,"인천광역시 연수구 경원대로119번길 21 (동춘동, 연수풍림2차아파트 상가동 지상1층 101호 일부)",,37.400607,126.673565
세븐 일레븐 인천 송도역점,"인천광역시 연수구 비류대로 184 (옥련동, 태영프라자 104호 일부)",,37.4278546,126.654997
씨유 동춘현대점,"인천광역시 연수구 원인재로 56 (동춘동, 현대종합상가 제 1동 지상1층 109호일부)",,37.4033088,126.676377
GS25 옥련아주점,"인천광역시 연수구 청량로 217 (옥련동, 지상1층 일부)",,37.4261265,126.652553
지에스25 송도글로벌점,"인천광역시 연수구 송도문화로28번길 28, 201동 지상1층 1-116호 (송도동, 송도글로벌캠퍼스푸르지오)",,37.3766737,126.65381
세븐일레븐 송도웰카운티점,"인천광역시 연수구 해송로 143, 136동 지상1층 1-1호 (송도동, 송도웰카운티1단지)",,37.3771182,126.64875
세븐일레븐 송도반도타워점,"인천광역시 연수구 테크노파크로111번길 12, 반도타워 104,105호 (송도동)",,37.385455,126.643562
씨유 인천대점,"인천광역시 연수구 아카데미로 119, 인천대학교 인천대학교송도신캠퍼스제2생활관동 지상1층 (송도동)",,37.3749504,126.63222
세븐일레븐 인천연수역점,"인천광역시 연수구 새말로 88, 101호 (연수동)",,37.4186606,126.679169
GS25 퍼스트파크15점,"인천광역시 연수구 컨벤시아대로252번길 30, 1510동 102호 (송도동, 송도 더샵 퍼스트파크 F15BL)",,37.3861414,126.635259
GS25 연수희망점,"인천광역시 연수구 앵고개로 256, 웅지프라자 106호 (동춘동)",,37.4078198,126.672031
미니스톱 송도월드마크점,"인천광역시 연수구 컨벤시아대로 60, 122호 (송도동, 푸르지오월드마크)",,37.3973247,126.650688
씨유 송도더샵퍼스트점,"인천광역시 연수구 컨벤시아대로252번길 70, 1301동 101,102호 (송도동, 송도 더샵 퍼스트파크 F13-1BL)",,37.3884649,126.631984
GS25 퍼스트파크 13점,"인천광역시 연수구 컨벤시아대로252번길 70, 1310동 105호 (송도동, 송도 더샵 퍼스트파크 F13-1BL)",,37.3884649,126.631984
GS25 청능마을점,"인천광역시 연수구 청능말로7번길 19, 1층 (청학동)",,37.4173905,126.669516
GS25 송도커낼워크점,"인천광역시 연수구 아트센터대로 107, 커낼워크D3 AUTUMN 302동 156호 (송도동)",,37.4008206,126.638734
세븐일레븐 송도컨벤시아점,"인천광역시 연수구 센트럴로 123, 송도컨벤시아 M06일부호 (송도동)",,37.3881384,126.645999
씨유 연수엘리점,"인천광역시 연수구 벚꽃로142번길 19, 1층 (연수동)",,37.415249,126.680358
씨유 송도아트윈점,"인천광역시 연수구 인천타워대로 253-25, 아트윈 푸르지오 상가동 118호 (송도동, 아트윈 푸르지오)",,37.3926824,126.632234
GS25 송도라마다점,"인천광역시 연수구 능허대로267번길 29, 지하1층 108호 (동춘동)",,37.413584,126.655032
미니스톱 선학역점,"인천광역시 연수구 학나래로118번길 23, 진승빌딩 지하1층 (선학동)",,37.4272981,126.698417
GS25 옥련풍림점,"인천광역시 연수구 한나루로193번길 3, 1층 (옥련동)",,37.4264172,126.656427
GS25 옥련사랑점,"인천광역시 연수구 한나루로 166, 1층 (옥련동)",,37.4241986,126.655714
GS25 연수우주점,"인천광역시 연수구 함박뫼로 115, 상가동 111,112,113,114호 (연수동, 우주아파트)",,37.422736,126.679441
CU 송도해모로점,"인천광역시 연수구 송도과학로27번길 30, 상가동 104,105호 (송도동, 송도해모로월드뷰)",,37.383959,126.665776
세븐일레븐 인천연수타운점,"인천광역시 연수구 먼우금로 189, 소망빌딩 1층 102호 (청학동)",,37.414606,126.675854
씨유송도뉴타운점,"인천광역시 연수구 신송로125번길 7, 이리옴프라자 106호 (송도동)",,37.3949574,126.651467
CU송도미래점,"인천광역시 연수구 송도미래로 47, 1층 104호 (송도동)",,37.367824,126.650193
지에스25 송도센트럴,"인천광역시 연수구 송도국제대로 261, 231동 1층 101,102호 (송도동, 송도 더샵 센트럴시티)",,37.372669,126.651834
씨유 송도더샵센트럴점,"인천광역시 연수구 센트럴로 194, A동 115호 (송도동, 더샵 센트럴파크2)",,37.393944,126.642637
CU 송도포스코3호점,"인천광역시 연수구 해돋이로 107, G동 75호 (송도동, 송도 더샵 퍼스트월드)",,37.389809,126.647543
씨유 인천선학점,"인천광역시 연수구 비류대로 599, 송암빌딩 104호 (선학동)",,37.4233409,126.701257
이마트24 연수주공점,"인천광역시 연수구 함박뫼로 221, 주공2차아파트 상가동 1층 102호 (연수동)",,37.419998,126.690731
미니스톱 연수파크타운점,"인천광역시 연수구 용담로 115, 파크타워 1층 111호 (연수동)",,37.4150889,126.677817
CU 비류원룸점,"인천광역시 연수구 비류대로347번길 5, 1층 101일부호 (연수동)",,37.4253024,126.673119
GS25 옥련사거리점,"인천광역시 연수구 독배로 68, 1층 106일부호 (옥련동)",,37.4266001,126.645196
씨유 송도더마란츠점,"인천광역시 연수구 신송로 153, 더 마란츠타워 113호 (송도동)",,37.397329,126.649095
씨유 송도파크게이트점,"인천광역시 연수구 센트럴로 160, 송도센트럴파크푸르지오 판매시설동 169호 (송도동, 송도센트럴파크푸르지오)",,37.3925744,126.644013
지에스(GS)25 옥련서해점,"인천광역시 연수구 청량로185번길 13, 101호 (옥련동)",,37.4230887,126.652081
세븐일레븐 인천송도본점,"인천광역시 연수구 대암로 19, 팔레스빌딩 1층 일부호 (옥련동)",,37.4180144,126.651518
GS25 송도이편한,"인천광역시 연수구 랜드마크로 113, e편한세상 송도 상가B-1동 109일부호 (송도동, e편한세상 송도)",,37.4114564,126.617142
GS25 연수동춘점,"인천광역시 연수구 앵고개로246번길 10, 대산프라자 112일부호 (동춘동)",,37.4084105,126.670617
CU 연수문남점,"인천광역시 연수구 새말로35번길 22, 1층 일부호 (연수동)",,37.4226441,126.676237
CU 연수장미점,"인천광역시 연수구 새말로69번길 20, 1층 일부호 (연수동)",,37.4205236,126.678392
씨유 연수시영승기점,"인천광역시 연수구 원인재로 212, 연수1차,승기마을,원인재마을 208동 101일부호 (연수동, 연수1차,승기마을,원인재마을)",,37.4148103,126.688098
씨유 송도유원지점,"인천광역시 연수구 능허대로 193, 101일부호 (옥련동)",,37.4184246,126.650081
GS25 연수유천점,"인천광역시 연수구 먼우금로 302, 연수유천아파트 상가동 101일부호 (연수동, 연수유천아파트)",,37.4228011,126.684314
이마트24 인천동춘서해점,"인천광역시 연수구 봉재산로36번안길 21, 101일부호 (동춘동)",,37.4083405,126.664958
GS25 청학현대점,"인천광역시 연수구 계림로35번길 58, 1층 일부호 (청학동)",,37.4283532,126.668597
씨유(CU) 동춘그랜드점,"인천광역시 연수구 앵고개로246번길 39-8, 백마빌딩 1층 (동춘동)",,37.4068084,126.671223
씨유 연수파크레인점,"인천광역시 연수구 능허대로 343, 송도 파크레인 동일하이빌 1021동 107일부호 (동춘동, 송도 파크레인 동일하이빌)",,37.4068611,126.664355
지에스25 송도SK뷰점,"인천광역시 연수구 랜드마크로 19, 상가-1동 105일부호 (송도동, 송도 SK VIEW)",,37.4131355,126.626543
세븐일레븐 연수희망점,"인천광역시 연수구 함박로67번길 4, 1층 일부호 (연수동)",,37.425587,126.684946
GS25 연수파크자이,"인천광역시 연수구 앵고개로104번길 22, 송도파크자이 110일부호 (동춘동, 송도파크자이)",,37.410689,126.657617
씨유 청학용담점,"인천광역시 연수구 함박뫼로 10, 이수빌딩 102일부호 (청학동)",,37.418351,126.671466
이마트24 송도센트로드점,"인천광역시 연수구 인천타워대로 323, 송도 센트로드 D동 101 일부호 (송도동)",,37.3994502,126.629739
씨유 송도BT센터,"인천광역시 연수구 송도과학로 56, 송도테크노파크 BT센터 111,112호 (송도동)",,37.3810554,126.664109
씨유 송도캐슬파크A동점,"인천광역시 연수구 인천타워대로132번길 9, 롯데몰 송도 캐슬파크 119,120호 (송도동)",,37.3851876,126.641542
씨유 송도캐슬파크B동점,"인천광역시 연수구 인천타워대로132번길 9, 롯데몰 송도 캐슬파크 138호 (송도동)",,37.385116,126.641951
세븐일레븐 인천선학웅비점,"인천광역시 연수구 넘말로47번길 11, 1층 일부호 (선학동)",,37.4294558,126.696567
세븐일레븐 송도캐슬해모로점,"인천광역시 연수구 송도과학로51번길 136, 220동 110호 (송도동, 송도 캐슬&해모로)",,37.383363,126.674642
GS25 송도해송점,"인천광역시 연수구 해송로30번길 19, 102호 (송도동, 웰카운티송도3단지)",,37.380719,126.645922
미니스톱 센트럴파크점,"인천광역시 연수구 컨벤시아대로 160, 보트하우스1 1층 (송도동)",,37.3924167,126.639565
이마트24 R연수행복점,"인천광역시 연수구 새말로 55, 1층 (연수동)",,37.4207352,126.676697
이마트24 송도스마트밸리점,"인천광역시 연수구 송도미래로 30, 송도 BRC 스마트밸리 지식산업센터 F동 114호 (송도동)",,37.3666202,126.648358
GS25 송도현대점,"인천광역시 연수구 해돋이로6번길 7, 상가동 107호 (송도동, 아이파크송도)",,37.3876443,126.658694
씨유 송도아메리칸타운,"인천광역시 연수구 송도과학로27번길 15, 104동 1층 154호 (송도동, 송도아메리칸타운아이파크)",,37.38579,126.661909
CU청학센터점,"인천광역시 연수구 청학안로 26, 1층 (청학동)",,37.4302448,126.66207
씨유 연수함박점,"인천광역시 연수구 함박로88번길 3, 1층 (연수동)",,37.4245715,126.685933
이마트24 송도캐슬센트럴점,"인천광역시 연수구 하모니로138번길 11, 송도캐슬센트럴파크 101동 117호 (송도동)",,37.385155,126.642562
씨유 옥련1호점,"인천광역시 연수구 독배로 56, 시계탑빌딩 1층 (옥련동)",,37.4255991,126.644907
CU송도지식정보단지점,"인천광역시 연수구 인천타워대로54번길 13, 해승메디피아 1층 101호 (송도동)",,37.3792197,126.646425
세븐이레븐 송도더프라우점,"인천광역시 연수구 컨벤시아대로42번길 20, 302동 104호 (송도동, 송도 더 프라우 3단지)",,37.400066,126.651122
씨유 동춘대동점,"인천광역시 연수구 먼우금로 69, 상가동 109호 (동춘동, 대동아파트)",,37.4056486,126.66889
씨유 청학청량산점,"인천광역시 연수구 솔샘로92번길 3, 화광교회 1층 일부호 (청학동)",,37.425555,126.663639
씨유 연수메카점,"인천광역시 연수구 먼우금로 194, 메카오피스텔 1층 일부호 (연수동)",,37.4143298,126.676984
세븐일레븐 청학우리,"인천광역시 연수구 비류대로256번길 8-1, 1층 일부호 (청학동, 가인주택)",,37.4263826,126.663149
GS25 다원송도,"인천광역시 연수구 아카데미로312번길 177, A동 106호 일부호 (송도동, 힐스테이트 레이크 송도)",,37.40143,126.621334
지에스25 송도호반점,"인천광역시 연수구 송도문화로28번길 27, 2동 104호 일부호 (송도동, 송도글로벌파크베르디움)",,37.376472,126.655772
씨유(CU) 연수4단지점,"인천광역시 연수구 비류대로 429, 1층 (연수동)",,37.4244268,126.682398
씨유 송도희락점,"인천광역시 연수구 하모니로 144, A동 111호 (송도동, 송도 지웰 푸르지오시티)",,37.3842561,126.643353
GS25송도에듀시티점,"인천광역시 연수구 랜드마크로 110, 상가2동 110호 일부호 (송도동, 호반베르디움 EDU CITY)",,37.413971,126.617149
GS25송도캐슬파크점,"인천광역시 연수구 하모니로138번길 11, 송도캐슬센트럴파크 102동 158호 (송도동)",,37.384605,126.642353
세븐일레븐 송도힐스레이크 2차점,"인천광역시 연수구 아카데미로 446, 222동 103호 (송도동, 힐스테이트 레이크 송도 2차)",,37.398147,126.621034
GS25마스터뷰21호점,"인천광역시 연수구 컨벤시아대로274번길 55, 1층 3호 (송도동, 송도 더샵 마스터뷰 21BL)",,37.385287,126.630334
씨유 청학비류점,"인천광역시 연수구 비류대로239번길 19, 1층 일부호 (청학동)",,37.4277125,126.6619
지에스(GS25) 송도웰카운티점,"인천광역시 연수구 해송로 70, 230동 1층 6호 일부호 (송도동, 송도웰카운티2단지)",,37.3791777,126.650467
세븐일레븐 연수함박로점,"인천광역시 연수구 함박로 36, 1층 (연수동)",,37.4256126,126.681071
씨유 송도자이점,"인천광역시 연수구 컨벤시아대로130번길 58, 상가B동 1층 107호 일부호 (송도동, 송도자이하버뷰1단지아파트)",,37.396191,126.641617
GS25 송도마리나베이점,"인천광역시 연수구 랜드마크로 160, 더샵송도 마리나베이 근린생활시설-1동 106호 (송도동)",,37.41464,126.612358
세븐일레븐 연수능안점,"인천광역시 연수구 학나래로5번길 2, 1층 (선학동)",,37.4237702,126.696477
이마트24 인천적십자병원점,"인천광역시 연수구 원인재로 263, 인천적십자병원 1층 (연수동)",,37.4184452,126.689562
씨유 송도마리나베이점,"인천광역시 연수구 랜드마크로 160, 근린생활시설 2동 1층 106호,107호 (송도동, 더샵 송도 마리나베이)",,37.414024,126.612269
이마트24 R스퀘어원점,"인천광역시 연수구 청능대로 210, 스퀘어원 1층 (동춘동)",,37.4059596,126.683684
세븐일레븐 선학뉴서울점,"인천광역시 연수구 선학로 101, 상가동 114호 (선학동, 뉴서울1차아파트)",,37.4250048,126.700076
이마트24R 연수사랑점,"인천광역시 연수구 선학로 37, 태산정광대진아파트 상가동 106,107,113,114호 (선학동)",,37.4217231,126.699298
이마트24 송도아라점,"인천광역시 연수구 컨벤시아대로230번길 42, 송도아라플라자 1층 107호 (송도동)",,37.3881584,126.634831
이마트24R 연수소망,"인천광역시 연수구 함박로 13-1, 1층 (연수동)",,37.4259843,126.678606
세븐일레븐 송도그린워크점,"인천광역시 연수구 컨벤시아대로130번길 100, 송도 더샵 그린워크 3차 상가동 103호 (송도동, 송도 더샵 그린워크 3차)",,37.398675,126.639499
세븐일레븐 선학역점,"인천광역시 연수구 경원대로467번길 3, 대영빌딩 1층 (선학동)",,37.42582,126.698231
세븐일레븐 연수푸른점,"인천광역시 연수구 함박로 58, 1층 (연수동)",,37.4254122,126.683602
세븐일레븐 연수프라자점,"인천광역시 연수구 먼우금로 190, 연수프라자 112호 (연수동)",,37.4140407,126.676692
씨유 연수영남점,"인천광역시 연수구 먼우금로252번길 31, 1층 (연수동)",,37.4190083,126.68111
세븐일레븐 송도월드마크1단지점,"인천광역시 연수구 컨벤시아대로 50, 푸르지오월드마크 126일부호 (송도동, 푸르지오월드마크)",,37.3980026,126.651396
GS25 포스코이앤씨타워점,"인천광역시 연수구 인천타워대로 241, 부영송도타워 지하1층 일부호 (송도동)",,37.3923103,126.63428
씨유 송도라마다점,"인천광역시 연수구 능허대로267번길 12, 1층 일부호 (동춘동)",,37.4130676,126.654511
이마트24 송도랜드마크시티점,"인천광역시 연수구 랜드마크로 68, 랜드마크시티센트럴더샵 301동 1층 70호 (송도동, 랜드마크시티센트럴더샵)",,37.414903,126.618385
미니스톱 연수원룸점,"인천광역시 연수구 함박로4번길 40, 1층 일부호 (연수동)",,37.4246212,126.680985
세븐일레븐 인천송도2호점,"인천광역시 연수구 능허대로 209-1, 1층 일부호 (옥련동)",,37.4171466,126.650573
씨유 송도랜드마크시티1호점,"인천광역시 연수구 랜드마크로 68, 랜드마크시티센트럴더샵 301동 11일부호 (송도동, 랜드마크시티센트럴더샵)",,37.416283,126.622596
이마트24R 인천선학점,"인천광역시 연수구 넘말로55번길 13, 1층 일부호 (선학동)",,37.4298153,126.696215
세븐일레븐 인천청학점,"인천광역시 연수구 용담로85번길 9, 석광프라자 1층 일부호 (청학동)",,37.4171634,126.675312
씨유 송도랜드마크시티2호점,"인천광역시 연수구 랜드마크로 68, 랜드마크시티센트럴더샵 401동 110일부호 (송도동, 랜드마크시티센트럴더샵)",,37.414695,126.619602
이마트24R 연수우성점,"인천광역시 연수구 원인재로 180, 상가동 103-6일부호 (연수동, 연수우성2차아파트)",,37.4117929,126.685083
세븐일레븐 송도스마트밸리점,"인천광역시 연수구 송도미래로 30, 송도 BRC 스마트밸리 지식산업센터 에프동 220일부호 (송도동)",,37.3666202,126.648358
세븐일레븐 인천연수현대점,"인천광역시 연수구 옥련로 33, 1층 104 일부호 (옥련동, 현대1차아파트)",,37.4281176,126.64346
세븐일레븐 송도타임점,"인천광역시 연수구 하모니로 158, 송도타임스페이스 C-119일부호 (송도동)",,37.3840624,126.641897
씨유 송도트리플타워점,"인천광역시 연수구 송도과학로28번길 8, 더샵 송도트리플타워 East 116 일부호 (송도동)",,37.3824602,126.660671
세븐일레븐 송도센트럴점,"인천광역시 연수구 센트럴로 194, 더샵 센트럴파크2 C동 129일부호 (송도동, 더샵 센트럴파크2)",,37.3945115,126.641011
세븐일레븐 송도랜시티점,"인천광역시 연수구 랜드마크로 68, 301동 25호 (송도동, 랜드마크시티센트럴더샵)",,37.416313,126.622474
지에스25 청학용담공원점,"인천광역시 연수구 함박뫼로26번길 6, 1층 일부호 (청학동)",,37.4194518,126.672014
씨유 송도더테라스정문점,"인천광역시 연수구 센트럴로 415, 힐스테이트 송도 더테라스 판매시설동 167일부호 (송도동)",,37.411338,126.627562
씨유 송도더테라스후문점,"인천광역시 연수구 센트럴로 415, 힐스테이트 송도 더테라스 판매시설동 112일부호 (송도동)",,37.409567,126.625327
GS25 연수태산점,"인천광역시 연수구 먼우금로264번길 8-4, 1층 일부호 (연수동)",,37.4197901,126.680373
이마트24 청학미소점,"인천광역시 연수구 청학로27번길 4, 1층 일부호 (청학동)",,37.4296985,126.663236
세븐일레븐 힐스레이크점,"인천광역시 연수구 아카데미로 446, 힐스테이트 레이크 송도 2차 221동 102일부호 (송도동, 힐스테이트 레이크 송도 2차)",,37.398025,126.620207
25시 편의점 나들가게,"인천광역시 연수구 청량로 143, 1층 일부호 (옥련동)",,37.4197574,126.65291
GS25 한라웨스턴파크점,"인천광역시 연수구 아트센터대로168번길 100, 한라 웨스턴파크 송도 104일부호 (송도동)",,37.406103,126.628875
씨유 송도청량로점,"인천광역시 연수구 청량로 82, 1층 일부호 (동춘동)",,37.4155904,126.657584
이마트24 인천옥련점,"인천광역시 연수구 대암로8번길 22, 송도 듀플렉스 1층 101호 (옥련동)",,37.4160691,126.651809
CU(씨유) 연수역점,"인천광역시 연수구 벚꽃로 114, 브랫슬 1층 120 일부호 (연수동)",,37.4170629,126.678091
이마트24 송도아메리칸타운점,"인천광역시 연수구 송도과학로27번길 15, 송도아메리칸타운아이파크 104동 126일부호 (송도동, 송도아메리칸타운아이파크)",,37.385082,126.661481
씨유 연수선학점,"인천광역시 연수구 넘말로55번길 6-12, 1층 일부호 (선학동)",,37.4307889,126.696426
나나 편의점,"인천광역시 연수구 앵고개로 113, 1층 일부호 (동춘동)",,37.4133393,126.658057
이마트24 송도스타점,"인천광역시 연수구 아트센터대로168번길 101, 송도랜드마크푸르지오시티 111일부호 (송도동)",,37.405255,126.627903
이마트24 송도대장점,"인천광역시 연수구 아트센터대로168번길 101, 송도랜드마크푸르지오시티 132일부호 (송도동)",,37.405255,126.627903
씨유 송도코스테이점,"인천광역시 연수구 하모니로 271, 송도 코스테이 주건축물 제1동 103일부호 (송도동)",,37.373829,126.636685
GS25 송도제니스점,"인천광역시 연수구 신송로 154, 더 제니스 1층 116일부호 (송도동)",,37.3978441,126.649601
씨유 동춘풍림점,"인천광역시 연수구 경원대로119번길 21, 상가동 1층 110일부호 (동춘동, 연수2차풍림아파트)",,37.400607,126.673565
씨유 동춘삼환점,"인천광역시 연수구 원인재로 88, 대우삼환아파트 분산 상가동 101일부호 (동춘동, 대우삼환아파트)",,37.4058651,126.678726
GS25 동춘서해점,"인천광역시 연수구 봉재산로 20, 근린생활시설동 지2층 101 일부호 (동춘동, 연수 서해그랑블 1단지)",,37.409768,126.666043
GS25 송도신송로점,"인천광역시 연수구 신송로6번길 7, 상가동 103호 (송도동, 송도 성지리벨루스)",,37.389343,126.662303
씨유(CU) 트리플스트리트점,"인천광역시 연수구 송도과학로16번길 33-1, 송도 트리플스트리트 A동 1층 102b1 일부호 (송도동)",,37.380879,126.659165
씨유 송도포스코2호점,"인천광역시 연수구 해돋이로 107, 송도 더샵 퍼스트월드 F동 4일부호 (송도동, 송도 더샵 퍼스트월드)",,37.389578,126.648496
씨유 송도스마트밸리점,"인천광역시 연수구 송도미래로 30, 송도 BRC 스마트밸리 지식산업센터 F동 109일부호 (송도동)",,37.3666202,126.648358
이마트24 연수동점,"인천광역시 연수구 함박로88번길 44, 1층 일부호 (연수동)",,37.4249525,126.683548
GS25 연수드림점,"인천광역시 연수구 함박로25번길 2, 지상1층 일부호 (연수동)",,37.4259525,126.680177
세븐일레븐 인천연수샘말점,"인천광역시 연수구 샘말로62번길 3, 지상1층 (연수동)",,37.4138696,126.680025
GS25 송도차오름점,"인천광역시 연수구 해돋이로 165, 차오름 프라자 지상1층 106호 (송도동)",,37.3946859,126.645053
냠냠마켓 송도점,"인천광역시 연수구 테크노파크로111번길 8, 송도 S 타워 지상1층 103호 (송도동)",,37.3858437,126.643966
GS25 동춘마을점,"인천광역시 연수구 먼우금로 123, 상가동 지상1층 101,102호 (동춘동, 동춘마을아파트)",,37.411229,126.670029
이마트24 연수풍림점,"인천광역시 연수구 함박뫼로 250, 상가동 지상1층 108호 (연수동, 연수풍림1차아파트)",,37.4175234,126.691938
지에스25 송도아메리칸점,"인천광역시 연수구 송도과학로27번길 15, 104동 지상1층 113(일부)호 (송도동, 송도아메리칸타운아이파크)",,37.384412,126.662894
이마트24 선학아주점,"인천광역시 연수구 선학로 90, 지상1층 101(일부)호 (선학동, 아주아파트)",,37.425613,126.701522
세븐일레븐 송도카리스점,"인천광역시 연수구 해돋이로 160-19, 카리스프라자 주건축물1 지상1층 111(일부)호 (송도동)",,37.3963311,126.646819
GS25 인천대사회대점,"인천광역시 연수구 아카데미로 119, 인천대학교 사회,법과대학  지상1층 일부호 (송도동)",,37.3749504,126.63222
세븐일레븐 송도아트점,"인천광역시 연수구 아트센터대로 203, 송도 센트럴파크 푸르지오시티 지상1층 123(일부)호 (송도동)",,37.3952202,126.631273
세븐일레븐 송도에스원점,"인천광역시 연수구 해돋이로 168-2, 에스원타워1 지상1층 108(일부)호 (송도동)",,37.3951198,126.645514
씨유 옥련쌍용점,"인천광역시 연수구 청량로194번길 22, 지상1층 일부호 (옥련동)",,37.424625,126.653633
GS25 송도센트로드,"인천광역시 연수구 인천타워대로 323, 송도 센트로드 상가동 씨106일부호 (송도동)",,37.3994502,126.629739
이마트24 나사렛병원점,"인천광역시 연수구 먼우금로 98, 나사렛국제병원 지상1층 일부호 (동춘동)",,37.4081396,126.670404
세븐일레븐 송도마들렌점,"인천광역시 연수구 능허대로 265, 지상1층 일부호 (동춘동)",,37.4130565,126.6538
씨유 송도더샵프라임뷰,"인천광역시 연수구 인천타워대로231번길 117, 근린생활시설동 지상1층 102(일부)호 (송도동, 더샵 송도 프라임뷰(25BL))",,37.384601,126.626748
세븐일레븐 송도닥터플러스점,"인천광역시 연수구 컨벤시아대로230번길 54, 닥터플러스몰 지상1층 A101(일부)호 (송도동)",,37.389259,126.634216
