상호명,도로명주소,전화번호,위도,경도,동구분
파리바게트유천점,"인천광역시 연수구 비류대로 429, 1층 (연수동)",,37.42440707,126.6825029,연수동
파리바게뜨,"인천광역시 연수구 원인재로 81 (동춘동,럭키삼성(아)상가 105호,117호(지상1층))",,37.40745825,126.6747564,동춘동
뚜레쥬르 신연수점,"인천광역시 연수구 원인재로 286 (연수동, 대림1차상가 108호,109호 지상1층)",,37.4190454,126.6926717,연수동
파리바게뜨(옥련점),"인천광역시 연수구 독배로40번길 25 (옥련동,(지상1층))",,37.42448507,126.6462318,옥련동
단팥빵 제과점,"인천광역시 연수구 청능대로 175 (연수동,우성1차 상가 107호 2동 지상1층(청능로69))",,37.40882153,126.6831238,연수동
파리바게트 선학역점,"인천광역시 연수구 선학로 101, 지상1층 101호 (선학동, 뉴서울1차아파트 상가동)",,37.42505293,126.7006293,선학동
파리바게뜨,"인천광역시 연수구 비류대로 230 (옥련동,(지상1층))",,37.42695857,126.6602252,옥련동
케익하우스파티쉐,"인천광역시 연수구 비류대로186번길 20 (옥련동,풍림아파트상가 107호(지상1층))",,37.42707163,126.6547153,옥련동
파리바게트 연수로얄점,"인천광역시 연수구 앵고개로264번길 30-4 (동춘동,2동 (지상1층))",,37.40682032,126.6718238,동춘동
파리바게뜨 (연수마그넷점),"인천광역시 연수구 청능대로 93, 지상1층 107,108호 (청학동, 이리옴프라자)",,37.41431941,126.6756664,청학동
(주)신세계푸드 이베이커리 연수점,"인천광역시 연수구 경원대로 184 (동춘동, 이마트연수점 지상1층)",,37.40421886,126.6811196,동춘동
파리바게트 연수대동점,"인천광역시 연수구 용담로149번길 17, 1층 (연수동)",,37.41369838,126.6811142,연수동
코코호도(송도국제도시점),"인천광역시 연수구 신송로125번길 7, 105호 (송도동, 이리옴프라자)",,37.39494818,126.6515588,송도동
이삭토스트,"인천광역시 연수구 새말로 107 (연수동,지상1층 ( 문화로 21 ))",,37.4186643,126.6811658,연수동
파리바게뜨 송도학원가점,"인천광역시 연수구 신송로 166, 플러스원프라자 지상1층 103호 (송도동)",,37.39843847,126.6484564,송도동
떡보의하루 연수점,"인천광역시 연수구 먼우금로 197 (청학동,지상1층)",,37.41500074,126.6761702,청학동
뚜레주르,"인천광역시 연수구 청능대로113번길 43 (연수동,지상1층 102호)",,37.41423145,126.6781795,연수동
파리바게뜨 송도글로벌점,"인천광역시 연수구 송도문화로28번길 28, 203동 지상1층 115호 (송도동, 글로벌캠퍼스푸르지오)",,37.3770832,126.6558312,송도동
파리바게뜨 로데오점,"인천광역시 연수구 신송로125번길 7 (송도동,이리옴프라자 111호,112호(지상1층))",,37.39494818,126.6515588,송도동
안스베이커리(송도점),"인천광역시 연수구 센트럴로 160 (송도동, 센트럴파크 푸르지오 판매시설동170,171,172,249호)",,37.39200033,126.644994,송도동
던킨도넛송도신도시점,"인천광역시 연수구 신송로 122 (송도동,송도프라자 122호)",,37.39581436,126.6524353,송도동
인디오븐 동춘점,"인천광역시 연수구 앵고개로264번길 40 (동춘동,남지B/D 지상1층)",,37.40667392,126.6712548,동춘동
파리바게뜨 연수영남,인천광역시 연수구 새말로 111 (연수동),,37.41859718,126.6843636,연수동
제이콥스베이커리,"인천광역시 연수구 신송로118번길 9, 106호 (송도동, 위드프리상뜨)",,37.39620198,126.6529427,송도동
빵굽는마을,"인천광역시 연수구 원인재로 222, 1층 일부호 (연수동)",,37.41562239,126.6870656,연수동
레표시카(LEPYOSHKA),"인천광역시 연수구 함박로 73-1, 1층 (연수동)",,37.42552529,126.6855836,연수동
파리바게뜨,"인천광역시 연수구 해돋이로 107 (송도동,4D동(H동) 4호 지상1층)",,37.38960595,126.648814,송도동
토스트굽는사람들,"인천광역시 연수구 해돋이로120번길 23, 지상1층 104호 (송도동, 아크리아2)",,37.39422704,126.650797,송도동
뉴욕베이글 앤 크림치즈(New York Bagel N' Cream Cheese),"인천광역시 연수구 컨벤시아대로 116, 지상1층 117호 (송도동, 송도푸르지오월드마크7단지)",,37.39374814,126.6463773,송도동
유니크롱,"인천광역시 연수구 컨벤시아대로 90, 502동 106호 (송도동, 인천송도힐스테이트)",,37.39495208,126.647839,송도동
파리바게뜨(아주쌍용점),"인천광역시 연수구 청량로 210, 상가동 (옥련동, 쌍용아파트상가, 101호,102호,103호)",,37.42454258,126.6525952,옥련동
베이커리(BAKERY),"인천광역시 연수구 센트럴로 232 (송도동,더샾센트럴파크1 A동 116호-117호일부 지상1층)",,37.39636124,126.6375683,송도동
까레몽제빵소 LF점,"인천광역시 연수구 청능대로23번길 11, 연수1차하나아파트 상가동 지하1층 일부호 (청학동)",,37.4186613,126.6689812,청학동
파리바게뜨 선학로데오점,"인천광역시 연수구 학나래로6번길 63 (선학동,지상1층)",,37.42592154,126.697925,선학동
파리바게뜨 송도웰카운티,"인천광역시 연수구 해송로 143 (송도동,송도웰카운티상가 138동1호,137동1-5호)",,37.37700133,126.6491863,송도동
몽블랑제 인천송도점,"인천광역시 연수구 송도국제대로 165 (송도동, 지하1층 홈플러스 매장내)",,37.38022559,126.656372,송도동
오로롱스튜디오,"인천광역시 연수구 하모니로 144, B동 2층 204호 일부호 (송도동, 송도 지웰 푸르지오시티)",,37.38445028,126.6435842,송도동
비건무드(Vegan Mood),"인천광역시 연수구 하모니로 144, 2층 A218호 (송도동, 송도 지웰 푸르지오시티)",,37.38445028,126.6435842,송도동
뚜레쥬르 연수동남점,"인천광역시 연수구 새말로36번길 2, 지상1층 (연수동)",,37.42214055,126.6749031,연수동
쉐라톤제과점,"인천광역시 연수구 컨벤시아대로 153 (송도동,지하1층)",,37.39022599,126.6454272,송도동
프랑세즈 단팥빵,"인천광역시 연수구 컨벤시아대로 60, 지상1층 119호 (송도동, 송도푸르지오월드마크2단지)",,37.39758636,126.6506664,송도동
곤트란쉐리에,"인천광역시 연수구 해돋이로 161, 107,108,109,110호 (송도동, 세종프라자)",,37.39450703,126.6453716,송도동
이츠굿 베이커리 송도점(It's good),"인천광역시 연수구 센트럴로 415, 힐스테이트 송도 더테라스 판매시설동 113호 (송도동)",,37.41050721,126.627633,송도동
제이스레시피,"인천광역시 연수구 해돋이로 107 (송도동, 4D동(H동) 상가6호)",,37.38960595,126.648814,송도동
버터풀앤크리멀러스(Butterful&Creamorous) 송도점,"인천광역시 연수구 송도국제대로 123, 현대프리미엄 아울렛 송도점 3층 일부호 (송도동)",,37.38320628,126.6586339,송도동
대만샌드위치 메이젠(MEIZEN),"인천광역시 연수구 신송로 153, 더 마란츠타워 120호 (송도동)",,37.39716984,126.64915,송도동
뚜레쥬르 신연수점,"인천광역시 연수구 원인재로 286, 대림아파트 상가동 1층 104호 (연수동)",,37.4190454,126.6926717,연수동
뚜레쥬르 나사렛국제병원점,"인천광역시 연수구 앵고개로 248, 로얄빌딩 지상1층 (동춘동)",,37.40836028,126.6712441,동춘동
식빵가게 엘린,"인천광역시 연수구 송도문화로28번길 28, 202동 117호 (송도동, 송도글로벌캠퍼스푸르지오)",,37.3770832,126.6558312,송도동
미추홀제빵소2,"인천광역시 연수구 학나래로118번길 10 (선학동,외2필지 지상1층)",,37.42785904,126.6981299,선학동
뚜레쥬르 옥련시장점,"인천광역시 연수구 독배로 41, 지상1층 (옥련동)",,37.42442552,126.6443535,옥련동
하나노마카롱 송도랜드마크점,"인천광역시 연수구 랜드마크로 68, 301동 지상1층 26호 (송도동, 랜드마크시티센트럴더샵)",,37.41563898,126.6212329,송도동
베이커리샵(Bakery shop),"인천광역시 연수구 함박로83번길 4, 1층 (연수동)",,37.4248688,126.6863253,연수동
앤티앤스,"인천광역시 연수구 송도국제대로 123 (송도동, 현대프리미엄아울렛 지하1층)",,37.38320628,126.6586339,송도동
학생회관 베이커리,"인천광역시 연수구 아카데미로 119 (송도동, 외 1필지 학생복지회관 지상1층)",,37.37654053,126.6329014,송도동
인디오븐,"인천광역시 연수구 독배로40번길 21, 101호 (옥련동)",,37.4244745,126.6460172,옥련동
파리바게트 선학점,"인천광역시 연수구 선학로 101, 지상1층 (선학동, 뉴서울1차아파트상가동 128호,135호일부)",,37.42505293,126.7006293,선학동
너구리베이크샵,"인천광역시 연수구 앵고개로246번길 10, 대산프라자 111호 (동춘동)",,37.40841618,126.6706046,동춘동
몽블랑제 연수점,"인천광역시 연수구 청능대로 210, 홈플러스 인천연수점 지하 1층 (동춘동)",,37.40599741,126.6836222,동춘동
경성찹쌀꽈배기(연수2호점),"인천광역시 연수구 먼우금로252번길 1, 102호 (연수동)",,37.41924513,126.679656,연수동
뚜레쥬르 연수무지개점,"인천광역시 연수구 원인재로 14 (동춘동,무지개마을상가 (아)104호,105호,106호(지상1층))",,37.40128601,126.6700279,동춘동
송도망개떡,"인천광역시 연수구 컨벤시아대로42번길 8 (송도동, 코오롱더프라우1단지 102동 103호)",,37.39862127,126.6519433,송도동
아이에프비(IFB),"인천광역시 연수구 송도국제대로 123 (송도동, 현대프리미엄아울렛 지하1층)",,37.38320628,126.6586339,송도동
자미당 센트럴파크점,"인천광역시 연수구 센트럴로 232, 더샵센트럴파크1 E동 143호 (송도동, 더샵센트럴파크1)",,37.39636124,126.6375683,송도동
무무이(mumui),"인천광역시 연수구 송도과학로28번길 50, 더샵 송도트리플타워 West 148호 (송도동)",,37.37934987,126.657692,송도동
베이커리(BAKERY),"인천광역시 연수구 청능대로 210 (동춘동, 홈플러스 인천연수점 지하1층)",,37.40599741,126.6836222,동춘동
노리케이크,"인천광역시 연수구 먼우금로 218, 305호 (연수동, 연수푸르지오3단지)",,37.41647766,126.6776655,연수동
퐁싯케이크,"인천광역시 연수구 청량로194번길 16-1, 1층 일부호 (옥련동)",,37.4242749,126.6533532,옥련동
피오니,"인천광역시 연수구 인천타워대로 241, 부영송도타워 지하1층 일부호 (송도동)",,37.39235896,126.6343256,송도동
하나노 마카롱,인천광역시 연수구 송도과학로16번길 13-25 (주)카네비컴 1층 (송도동),,37.38116114,126.6621956,송도동
안스베이커리,"인천광역시 연수구 청명로3번길 1 (청학동, 지상1,2,3,4층)",,37.41633311,126.6738695,청학동
샹끄발레르,"인천광역시 연수구 컨벤시아대로130번길 14, 지상1층 101,102호 (송도동, 송도플러스메디타워)",,37.392955,126.6448883,송도동
나무 와이비에프(YBF),"인천광역시 연수구 송도과학로 85, 연세대학교 국제캠퍼스 1학사 지하1층 (송도동)",,37.37978383,126.6739781,송도동
송사부 수제쌀 고로케,"인천광역시 연수구 청능대로 210, 스퀘어원 3층 (동춘동)",,37.40599741,126.6836222,동춘동
BREAD9(브레드9),"인천광역시 연수구 넘말로55번길 13, 1층 일부호 (선학동)",,37.42987005,126.6962849,선학동
삼송빵집,"인천광역시 연수구 송도국제대로 123 (송도동, 현대프리미엄아울렛 지하1층)",,37.38320628,126.6586339,송도동
송도센트럴파크점 파리바게뜨,"인천광역시 연수구 센트럴로 194, C동 1층 122,123호 (송도동, 더샵센트럴파크)",,37.39378585,126.6418738,송도동
eatscake(잇츠케이크),"인천광역시 연수구 송도과학로28번길 50, 더샵 송도트리플타워 West 138호 (송도동)",,37.37934987,126.657692,송도동
파리바게트 연수동춘점,"인천광역시 연수구 능허대로289번길 11, 102호 (동춘동)",,37.41186737,126.655945,동춘동
까레몽베이커리,"인천광역시 연수구 경원대로 지하 480 (선학동, 선학역 지하1층)",,37.42712554,126.6989576,선학동
뚜레쥬르 송도아트윈점,"인천광역시 연수구 인천타워대로 253-25, 1층 104호 (송도동, 아트윈 푸르지오)",,37.39285224,126.6316532,송도동
하나노마카롱 송도더프라우점,"인천광역시 연수구 컨벤시아대로42번길 20, 303동 129호 (송도동, 송도 더 프라우 3단지)",,37.40002685,126.6502367,송도동
자연드림 송도점,"인천광역시 연수구 하모니로36번길 17, B동 1층 103,106호 (송도동, 은하프라자)",,37.39237735,126.6499039,송도동
베즐리 송도아울렛,"인천광역시 연수구 송도국제대로 123 (송도동, 현대프리미엄아울렛 지하1층)",,37.38320628,126.6586339,송도동
알라메종(A LA MAISON),"인천광역시 연수구 청능대로 210, 스퀘어원 1층 영풍문고 앞 (동춘동)",,37.40599741,126.6836222,동춘동
선(善)빵,"인천광역시 연수구 인천타워대로 323, 송도 센트로드 선큰상가 A동 113호 (송도동)",,37.39952409,126.6295726,송도동
지구본,"인천광역시 연수구 송도과학로 56, 송도테크노파크 BT센터 지상1층 105호 (송도동)",,37.3811087,126.6640824,송도동
아마빌레디저트,"인천광역시 연수구 한나루로 104 (옥련동, 국제타운102호 일부)",,37.42232679,126.6494208,옥련동
뚜레쥬르 연수우성2차점,"인천광역시 연수구 원인재로 180, 상가동 지하1층 9호 (연수동, 연수우성2차아파트)",,37.41301342,126.6855598,연수동
아라네,"인천광역시 연수구 청룡로42번길 40 (옥련동, 지상1층)",,37.42333868,126.6554093,옥련동
과자의숲,"인천광역시 연수구 송도과학로27번길 15, 104동 234호 (송도동, 송도아메리칸타운아이파크)",,37.38461103,126.6628864,송도동
바켄베이커리,"인천광역시 연수구 송도과학로27번길 55 (송도동, 롯데캐슬 캠퍼스타운 302동 D-109호)",,37.38803691,126.6642625,송도동
좋은아침 페스츄리(pastry),"인천광역시 연수구 송도국제대로 123, 현대프리미엄 아울렛 송도점 지하1층 (송도동)",,37.38320628,126.6586339,송도동
미미米米,"인천광역시 연수구 신송로 168, 이든프라자 103호 (송도동)",,37.3986734,126.6486623,송도동
코코호도 동춘점,"인천광역시 연수구 앵고개로 260 (동춘동, 109호)",,37.40766546,126.6722913,동춘동
뚜레쥬르 송도글로벌파크점,"인천광역시 연수구 송도문화로28번길 27, 103호,104호, 203호일부호 (송도동, 송도글로벌파크베르디움)",,37.37499657,126.6558331,송도동
포무 베이커리(제빵소),"인천광역시 연수구 벚꽃로142번길 34, 1층 일부호 (연수동)",,37.41499047,126.679748,연수동
베이커리율교P3120,"인천광역시 연수구 컨벤시아대로42번길 20, 302동 지상1층 101,102호 (송도동, 송도 더 프라우 3단지)",,37.40002685,126.6502367,송도동
베이크 하우스 스몰(BAKE HOUSE SMOR),"인천광역시 연수구 아트센터대로 107, 커낼워크D3 AUTUMN 301동 117호 (송도동)",,37.40073438,126.6388961,송도동
와플대학 인천동춘캠퍼스,"인천광역시 연수구 앵고개로 262, 동경프라자 1층 104호 (동춘동)",,37.40749426,126.6725576,동춘동
ANAS BAKERY(아나스 베이커리),"인천광역시 연수구 함박로8번길 59, 1층 일부호 (연수동)",,37.42506672,126.6822217,연수동
파리바게뜨 송도마스터뷰점,"인천광역시 연수구 컨벤시아대로274번길 35 (송도동, 송도더샵마스터뷰 상가동지상 1층 4호)",,37.38274107,126.6308273,송도동
파리바게뜨 송도캠퍼스타운점,"인천광역시 연수구 송도과학로27번길 55 (송도동, 롯데캐슬 캠퍼스타운 302동 D-115,116호)",,37.38803691,126.6642625,송도동
뚜레쥬르 연수우성2차점,"인천광역시 연수구 원인재로 180, 상가동 108호 (연수동, 연수우성2차아파트)",,37.41301342,126.6855598,연수동
빽다방 베이커리 인천동춘점,"인천광역시 연수구 앵고개로 256, 웅지프라자 107, 108호 (동춘동)",,37.40783029,126.6720178,동춘동
꽈페 송도국제도시(Quafe),"인천광역시 연수구 송도과학로28번길 8, 더샵 송도트리플타워 East 127호 (송도동)",,37.38246176,126.6606641,송도동
롤링핀,"인천광역시 연수구 송도국제대로 157, 오네스타 지상1층 A-101호, A-102호 (송도동)",,37.38094155,126.656664,송도동
쫄깃한과자점,"인천광역시 연수구 컨벤시아대로 70, 302동 114호 (송도동, 인천송도힐스테이트)",,37.39660246,126.6495914,송도동
건양다경 베이커리,"인천광역시 연수구 하모니로 158, 송도타임스페이스 지상1층 A-103호 (송도동)",,37.38419018,126.6421469,송도동
송도씨,"인천광역시 연수구 하모니로 158, 송도타임스페이스 지상1층 A-102호 (송도동)",,37.38419018,126.6421469,송도동
해피크림,"인천광역시 연수구 아트센터대로 107, 커낼워크D3 AUTUMN 301동 124호 (송도동)",,37.40073438,126.6388961,송도동
뚜레쥬르 송도그린워크점,"인천광역시 연수구 아트센터대로97번길 30, 상가동 101,102호 (송도동, 더샵그린워크1차)",,37.39865638,126.6419436,송도동
베이커리 팩토리 송도점,"인천광역시 연수구 컨벤시아대로 177, 롯데마트 2층 (송도동)",,37.38831432,126.6433245,송도동
오뜨 파티세리(Haute patisserie),"인천광역시 연수구 컨벤시아대로 153, 쉐라톤인천호텔 지상1층 일부호 (송도동)",,37.39022599,126.6454272,송도동
뚜레쥬르 신연수점,"인천광역시 연수구 원인재로 286, 대림아파트 상가동 1층 103호 (연수동)",,37.4190454,126.6926717,연수동
샹끄발레르,"인천광역시 연수구 청량로86번길 9, 2층 일부 (동춘동)",,37.41620834,126.6574681,동춘동
Karon Cake(카롱케익),"인천광역시 연수구 새말로 20, 상가동 204-1호 (연수동, 성일아파트)",,37.42289959,126.6729825,연수동
와프리카노,"인천광역시 연수구 용담로 11, 상가동 110호 (청학동, 시대아파트)",,37.42147906,126.6691275,청학동
송도센트럴파크호텔(제과점),"인천광역시 연수구 테크노파크로 193, 송도센트럴파크호텔 10층 (송도동)",,37.39051474,126.6374026,송도동
코스트코 홀세일 베이커리,"인천광역시 연수구 컨벤시아대로230번길 60 (송도동, 지상1층 코스트코 )",,37.38965458,126.6332982,송도동
루트 베이커리,"인천광역시 연수구 아트센터대로 131, 커낼워크D2 SUMMER 202동 146호 (송도동)",,37.39935875,126.6368956,송도동
엘빈플라워케이크,"인천광역시 연수구 청학로21번길 20, 1층 (청학동)",,37.42919484,126.6622602,청학동
동춘베이커리,"인천광역시 연수구 원인재로 56, 현대 종합상가 제1동 1층 101-3호 (동춘동, 현대아파트)",,37.40308336,126.6769963,동춘동
달콤한아름,"인천광역시 연수구 학나래로6번길 32, 1층 일부 (선학동)",,37.42439003,126.6979092,선학동
포무플랜트(pomuplant),"인천광역시 연수구 벚꽃로142번길 34, 1층 일부호 (연수동)",,37.41499047,126.679748,연수동
황제찹쌀꽈배기 송도점,"인천광역시 연수구 송도미래로 9, 비알씨(주) 연구소 3동 1층 115호 (송도동)",,37.37081435,126.6470528,송도동
파리바게트 송도마리나베이점,"인천광역시 연수구 랜드마크로 160, 더샵 송도 마리나베이 213동 102,201,202호 (송도동, 더샵 송도 마리나베이)",,37.41279383,126.6108012,송도동
파리바게뜨 송도퍼스트파크,"인천광역시 연수구 컨벤시아대로252번길 50, 1410동 105,106호 (송도동, 송도 더샵 퍼스트파크 F14BL)",,37.38800559,126.633734,송도동
도넛클랜,"인천광역시 연수구 아트센터대로 131, 커낼워크D2 SUMMER 201동 112호 (송도동)",,37.39935875,126.6368956,송도동
캘리포니아 도넛 클럽 송도점,"인천광역시 연수구 아트센터대로 131, 커낼워크D2 SUMMER 201동 140호 (송도동)",,37.39935875,126.6368956,송도동
79파운야드,"인천광역시 연수구 신송로 164, 104,105호 (송도동)",,37.39820953,126.6488325,송도동
파리바게뜨 송도엑스포,"인천광역시 연수구 컨벤시아대로42번길 95, 110,111호 (송도동, 더샵 엑스포)",,37.40204721,126.6430523,송도동
도너츠 팔레스(DONUTS PALACE),"인천광역시 연수구 인천타워대로 257, 아트포레 C동 143,144호 (송도동)",,37.39351506,126.6321878,송도동
Baru cake(바루케이크),"인천광역시 연수구 아트센터대로 87, 커낼워크D4 WINTER 402동 172 일부호 (송도동)",,37.40215703,126.6404248,송도동
디저트 큐,"인천광역시 연수구 하모니로 158, 송도타임스페이스 D-223호 (송도동)",,37.38419018,126.6421469,송도동
도너츠윤 송도점,"인천광역시 연수구 센트럴로 160, 판매시설동 109호 (송도동, 송도센트럴파크푸르지오)",,37.39200033,126.644994,송도동
샹끄발레르 카페,"인천광역시 연수구 청량로86번길 9, 1층 (동춘동)",,37.41620834,126.6574681,동춘동
파리바게뜨 송도SK점,"인천광역시 연수구 랜드마크로 19, 송도 SK VIEW 상가-2동 105,106호 (송도동, 송도 SK VIEW)",,37.4116642,126.6272196,송도동
우리빵,"인천광역시 연수구 새말로55번길 12, 1층 일부 (연수동)",,37.42093964,126.6770579,연수동
못난이 꽈배기,"인천광역시 연수구 컨벤시아대로 55, 118호 (송도동, 송도이안@)",,37.39661091,126.6518964,송도동
크로엔젤 송도점,"인천광역시 연수구 센트럴로 415, 힐스테이트 송도 더테라스 판매시설동 1층 118호 (송도동)",,37.41050721,126.627633,송도동
하나노마카롱 송도랜드마크점,"인천광역시 연수구 랜드마크로 68, 랜드마크시티센트럴더샵 301동 1층 26호 (송도동, 랜드마크시티센트럴더샵)",,37.41563898,126.6212329,송도동
뮤제 크로플,"인천광역시 연수구 송도국제대로 123, 현대프리미엄 아울렛 송도점 1층 (송도동)",,37.38320628,126.6586339,송도동
홈버거(HOMEBURGER),"인천광역시 연수구 함박로87번길 2, 1층 (연수동)",,37.42456281,126.6862631,연수동
트루아트,"인천광역시 연수구 선학로 90, 상가동 303호 (선학동, 아주아파트)",,37.42486652,126.7017219,선학동
리오베이커리,"인천광역시 연수구 봉재산로 20, 지2층 106호 (동춘동, 연수 서해그랑블 1단지)",,37.41041697,126.6634088,동춘동
메종드크루아상,"인천광역시 연수구 컨벤시아대로130번길 58, 상가A동 102호 (송도동, 송도자이하버뷰1단지아파트)",,37.39647854,126.6413003,송도동
파리바게뜨 송도이편한점,"인천광역시 연수구 랜드마크로 113, B동 107,108호 (송도동, e편한세상 송도)",,37.40923975,126.6176511,송도동
파리바게뜨 송도롯데몰점,"인천광역시 연수구 인천타워대로132번길 9, 롯데몰 송도 캐슬파크 141호 (송도동)",,37.38467593,126.6411413,송도동
하나스두 케이크 아뜰리에(Hanasdoux cake atelier),"인천광역시 연수구 하모니로 158, 송도타임스페이스 C-317호 (송도동)",,37.38419018,126.6421469,송도동
쌀이든빵,"인천광역시 연수구 송도과학로28번길 8, 더샵 송도트리플타워 East 지상1층 157호 (송도동)",,37.38246176,126.6606641,송도동
성수동 꿀꽈배기 연수역점,"인천광역시 연수구 벚꽃로 130-3, 1층 A-105호 (연수동, 연수푸르지오1단지)",,37.41620897,126.6801185,연수동
롯데쇼핑(주) 롯데슈퍼 연수점,"인천광역시 연수구 앵고개로 266, 한양2차아파트(롯데슈퍼) 1층 (동춘동)",,37.40697151,126.6728198,동춘동
현대프리미엄아울렛송도점 몽슈슈,"인천광역시 연수구 송도국제대로 123, 현대프리미엄 아울렛 송도점 지하1층 일부호 (송도동)",,37.38320628,126.6586339,송도동
베지블&꼬마로롱,"인천광역시 연수구 신송로125번길 13, 아크리아1  108호 일부호 (송도동)",,37.39456511,126.6511829,송도동
뚜레쥬르 호반에듀시티점,"인천광역시 연수구 랜드마크로 110, 1동 116,117,118호 (송도동, 호반베르디움 EDU CITY)",,37.41510896,126.6171167,송도동
맘스케익 인천연수점,"인천광역시 연수구 비류대로347번길 5, 1층 (연수동)",,37.42531173,126.6731289,연수동
라나케이크(LANA CAKES),"인천광역시 연수구 새말로 79-1, 101호 (연수동)",,37.41931467,126.6787674,연수동
도너츠윤 송도현대아울렛,"인천광역시 연수구 송도국제대로 123, 현대프리미엄 아울렛 송도점 지하1층 일부호 (송도동)",,37.38320628,126.6586339,송도동
라플랜,"인천광역시 연수구 인천타워대로 251, 근린생활시설동 209호 (송도동)",,37.39313335,126.6328662,송도동
로로리 팩토리,"인천광역시 연수구 아트센터대로168번길 101, 송도랜드마크푸르지오시티 305호 (송도동)",,37.40473194,126.6283248,송도동
경성찹쌀꽈배기,"인천광역시 연수구 독배로 52, 상가 가동 102-2호 (옥련동, 원흥아파트)",,37.4250187,126.6449888,옥련동
파리바게뜨 송도랜드마크시티점,"인천광역시 연수구 랜드마크로 68, 랜드마크시티센트럴더샵 301동 1층 90,91호 (송도동, 랜드마크시티센트럴더샵)",,37.41563898,126.6212329,송도동
롤링핀 송도센트럴파크점,"인천광역시 연수구 센트럴로 232, E동 117,118,119,126호 일부,127호 (송도동, 더샵센트럴파크1)",,37.39636124,126.6375683,송도동
빚은 송도신도시점,"인천광역시 연수구 해돋이로 161, 세종프라자 111호 (송도동)",,37.39450703,126.6453716,송도동
커피화 로스터스 컴퍼니,"인천광역시 연수구 송도과학로27번길 70, 112동 지상1층 108호 (송도동, 롯데캐슬)",,37.38623512,126.6672047,송도동
청량산제빵소,"인천광역시 연수구 동곡재로 50, 2층 (동춘동)",,37.41452114,126.6716434,동춘동
뚜레쥬르 송도더테라스점,"인천광역시 연수구 센트럴로 415, 힐스테이트 송도 더테라스 판매시설동 127,128호 (송도동)",,37.41050721,126.627633,송도동
79파운야드 송도트리플타워점,"인천광역시 연수구 송도과학로28번길 8, 더샵 송도트리플타워 East 128,129호 (송도동)",,37.38246176,126.6606641,송도동
뉴욕바나나,"인천광역시 연수구 아트센터대로 203, 송도 센트럴파크 푸르지오시티 154호 (송도동)",,37.39520389,126.6312871,송도동
크리스피크림 인천송도점,"인천광역시 연수구 랜드마크로 68, 랜드마크시티센트럴더샵 301동 1층 44호 (송도동, 랜드마크시티센트럴더샵)",,37.41563898,126.6212329,송도동
헤니케이크,"인천광역시 연수구 청능대로137번길 19, 지상1층 일부호 (연수동)",,37.41193027,126.6792153,연수동
라니와 디저트공장,"인천광역시 연수구 센트럴로 415, 힐스테이트 송도 더테라스 판매시설동 2층 239호 (송도동)",,37.41050721,126.627633,송도동
달콤하늬,"인천광역시 연수구 컨벤시아대로 60, 112호 (송도동, 푸르지오월드마크)",,37.39758636,126.6506664,송도동
와플세상 옥련점,"인천광역시 연수구 한나루로 184, 지상2층 (옥련동)",,37.42558628,126.6564939,옥련동
와플대학 송도캠퍼스,"인천광역시 연수구 신송로 121, 송도센타프라자 1층 118호 (송도동)",,37.3953922,126.6518858,송도동
아트케이크,"인천광역시 연수구 인천타워대로 257, 아트포레 A동 A-216호 (송도동)",,37.39351506,126.6321878,송도동
고밀제과,"인천광역시 연수구 컨벤시아대로 50, 158호 (송도동, 푸르지오월드마크)",,37.39800788,126.6511249,송도동
프랑세즈 단팥빵 동춘점,"인천광역시 연수구 봉재산로36번안길 22, 행복하우스 1층 일부호 (동춘동)",,37.40863945,126.664932,동춘동
하나스두 케이크 아뜰리에(Hanasdoux cake atelier),"인천광역시 연수구 하모니로 158, 송도타임스페이스 C-315호 (송도동)",,37.38419018,126.6421469,송도동
라닝케이크,"인천광역시 연수구 인천타워대로132번길 9, 롯데몰 송도 캐슬파크 212호 (송도동)",,37.38467593,126.6411413,송도동
봉블레(Bon Ble),"인천광역시 연수구 청량로70번길 14-7, 지상2층 (동춘동)",,37.41537293,126.6586272,동춘동
식빵공장(동춘점),"인천광역시 연수구 먼우금로83번길 12, 상가동 144호 (동춘동, 건영아파트)",,37.40778509,126.6687872,동춘동
너구리베이크샵,"인천광역시 연수구 샘말로 95-7, 1층 일부호 (연수동)",,37.41523062,126.680715,연수동
로플로플 송도점,"인천광역시 연수구 송도과학로27번길 55, 302동 D-105호 (송도동, 롯데캐슬 캠퍼스타운)",,37.38803691,126.6642625,송도동
송사부수제쌀고로케 이마트연수점,"인천광역시 연수구 경원대로 184, 이마트 1층 (동춘동)",,37.40421886,126.6811196,동춘동
마농베이커리,"인천광역시 연수구 아트센터대로 131, 커낼워크D2 SUMMER 202동 150호 (송도동)",,37.39935875,126.6368956,송도동
코코호도 송도퍼스트파크점,"인천광역시 연수구 컨벤시아대로230번길 54, 지상1층 A115호 (송도동)",,37.38874008,126.6343345,송도동
루시카토 인천스퀘어원점,"인천광역시 연수구 청능대로 210, 스퀘어원 지상3층 일부호 (동춘동)",,37.40599741,126.6836222,동춘동
키토빵앗간,"인천광역시 연수구 송도과학로28번길 8, 더샵 송도트리플타워 East 지상1층 147호 (송도동)",,37.38246176,126.6606641,송도동
콩꼬물 꽈배기,"인천광역시 연수구 비류대로 216, 1층 1호 (옥련동)",,37.42724775,126.6588092,옥련동
빌리엔젤(BILLY ANGEL),"인천광역시 연수구 송도과학로16번길 33-1, 1층 105a호 (송도동, 송도트리플스트리트 A동)",,37.38108225,126.6594618,송도동
늘채,"인천광역시 연수구 한진로 58, 1층 일부호 (옥련동)",,37.42749171,126.6486939,옥련동
콩꼬물꽈배기 송도신도시점,"인천광역시 연수구 컨벤시아대로42번길 20, 송도 더 프라우2 3단지 302동 107호 (송도동, 송도 더 프라우 3단지)",,37.40002685,126.6502367,송도동
까로치아 선학점,"인천광역시 연수구 학나래로 113, 1층 일부(102)호 (선학동)",,37.42820096,126.6977759,선학동
퍼플래빗(PURPLE RABBIT) 송도커넬워크점,"인천광역시 연수구 아트센터대로 107, 커낼워크D3 AUTUMN 302동 147호 (송도동)",,37.40073438,126.6388961,송도동
"매,밀","인천광역시 연수구 송도문화로84번길 24, 상가동 지상1층 103호 (송도동, 송도 에듀포레 푸르지오)",,37.37219271,126.6582747,송도동
앤티앤스 프레즐 송도타임스페이스점,"인천광역시 연수구 하모니로 158, 송도타임스페이스 지상1층 D-113,D-114호 (송도동)",,37.38419018,126.6421469,송도동
모찌이야기,"인천광역시 연수구 청능대로 210, 스퀘어원 3층 (동춘동)",,37.40599741,126.6836222,동춘동
잣품은 그집호두과자,"인천광역시 연수구 송도국제대로 123, 현대프리미엄 아울렛 송도점 1층 일부호 (송도동)",,37.38320628,126.6586339,송도동
런던베이커리,"인천광역시 연수구 벚꽃로142번길 20, 지하1층 (연수동)",,37.41537822,126.6801619,연수동
79파운야드 인천대입구역점,"인천광역시 연수구 하모니로 144, 판매시설동 1층 B116호 (송도동, 송도 지웰 푸르지오시티)",,37.38445028,126.6435842,송도동
와플칸 인천송도점,"인천광역시 연수구 신송로 153, 더 마란츠타워 1층 119호 (송도동)",,37.39716984,126.64915,송도동
뉴욕꽈배기 송도역점,"인천광역시 연수구 비류대로 190, 청량주택 101호 (옥련동)",,37.42784922,126.6558125,옥련동
오또베,"인천광역시 연수구 용담로149번길 21, 지상1층 일부호 (연수동)",,37.41380456,126.6812183,연수동
나나언니네,"인천광역시 연수구 인천타워대로132번길 9, 롯데몰 송도 캐슬파크 233호 (송도동)",,37.38467593,126.6411413,송도동
경성찹쌀꽈배기(연수1호점),"인천광역시 연수구 샘말로8번길 18, 1층 일부호 (연수동)",,37.41143011,126.6784495,연수동
와플대학 송도롯데몰캠퍼스,"인천광역시 연수구 하모니로138번길 11, 송도캐슬센트럴파크 102동 1층 157호 (송도동)",,37.38459942,126.6423987,송도동
호호꽈배기&도너츠,"인천광역시 연수구 앵고개로 266, 한양2차아파트(롯데슈퍼) 상가A동 1층 일부호 (동춘동)",,37.40697151,126.6728198,동춘동
미미네제과점,"인천광역시 연수구 새말로107번길 13, 지상1층 일부호 (연수동)",,37.41915509,126.6811006,연수동
푸드트립,"인천광역시 연수구 송도국제대로 123, 현대프리미엄 아울렛 송도점 2층 일부호 (송도동)",,37.38320628,126.6586339,송도동
복호두 연수동춘점,"인천광역시 연수구 앵고개로 260, 맘모스빌딩 지상1층 110호 (동춘동)",,37.40766546,126.6722913,동춘동
